<?xml version="1.0" encoding="utf-8"?>
<manifest identifier="H05VZ36MV6TWn" xmlns="http://www.imsproject.org/xsd/imscp_rootv1p1p2" xmlns:adlcp="http://www.adlnet.org/xsd/adlcp_rootv1p2" xmlns:xsi="http://www.w3.org/2001/XMLSchema-instance" xmlns:lom="http://www.imsglobal.org/xsd/imsmd_rootv1p2p1" xsi:schemaLocation="http://www.imsproject.org/xsd/imscp_rootv1p1p2 imscp_rootv1p1p2.xsd http://www.imsglobal.org/xsd/imsmd_rootv1p2p1 imsmd_rootv1p2p1.xsd http://www.adlnet.org/xsd/adlcp_rootv1p2 adlcp_rootv1p2.xsd">
<metadata>
<schema>ADL SCORM</schema>
<schemaversion>1.2</schemaversion>
<lom:lom>
<lom:general>
<lom:title>
<lom:langstring>Anatomy Review_Muscles of the Leg_Deep Posterior Compartment</lom:langstring>
</lom:title>
</lom:general>
<lom:educational>
<lom:typicallearningtime>
<lom:datetime>01:00:00</lom:datetime>
</lom:typicallearningtime>
</lom:educational>
</lom:lom>
</metadata>
<organizations default="anatomy_review_muscles_of_the_leg_deep_posterior_compartment_organization">
<organization identifier="anatomy_review_muscles_of_the_leg_deep_posterior_compartment_organization">
<title>Anatomy Review_Muscles of the Leg_Deep Posterior Compartment</title>
<item identifier="C4930B62-3614-4882-B30D-CD1994017049" identifierref="resource">
<title>Anatomy Review_Muscles of the Leg_</title>
</item>
</organization>
</organizations>
<resources>
<resource identifier="resource" type="webcontent" adlcp:scormtype="sco" href="res/index.html">
<file href="res/index.html"/>
<file href="res/lms.js"/>
<file href="res/data/thmb1.png"/>
<file href="res/data/slide1.js"/>
<file href="res/data/slide1.css"/>
<file href="res/data/thmb2.jpg"/>
<file href="res/data/slide2.js"/>
<file href="res/data/slide2.css"/>
<file href="res/data/thmb3.png"/>
<file href="res/data/slide3.js"/>
<file href="res/data/slide3.css"/>
<file href="res/data/thmb4.png"/>
<file href="res/data/slide4.js"/>
<file href="res/data/slide4.css"/>
<file href="res/data/thmb5.png"/>
<file href="res/data/slide5.js"/>
<file href="res/data/slide5.css"/>
<file href="res/data/thmb6.png"/>
<file href="res/data/slide6.js"/>
<file href="res/data/slide6.css"/>
<file href="res/data/thmb7.png"/>
<file href="res/data/slide7.js"/>
<file href="res/data/slide7.css"/>
<file href="res/data/thmb8.png"/>
<file href="res/data/quiz1.js"/>
<file href="res/data/quiz1/fonts/fnt0.woff"/>
<file href="res/data/quiz1/fonts/fnt1.woff"/>
<file href="res/data/quiz1/fonts/fnt2.woff"/>
<file href="res/data/quiz1/fonts/fnt3.woff"/>
<file href="res/data/quiz1/images/091a-0f0f-c8d4-e0d8.png"/>
<file href="res/data/quiz1/images/img-0e60d3ba79461951b8c5364ff683ed071a0b81df.png"/>
<file href="res/data/quiz1/images/img-668526cfb40c1a70bdb5155ceb8c9a36ec2a4320.png"/>
<file href="res/data/quiz1/images/img-729e5117faa87c1900749ceb1d0b789164f270da.png"/>
<file href="res/data/quiz1/images/img-8408bf690aeadc70d6e1c67b56ee261b4c1c66c3.png"/>
<file href="res/data/quiz1/images/quiz_bg_0.png"/>
<file href="res/data/sound1.mp3"/>
<file href="res/data/sound2.mp3"/>
<file href="res/data/sound3.mp3"/>
<file href="res/data/sound4.mp3"/>
<file href="res/data/sound5.mp3"/>
<file href="res/data/sound6.mp3"/>
<file href="res/data/sound7.mp3"/>
<file href="res/data/quizplayer.js"/>
<file href="res/index.html"/>
<file href="res/data/player.js"/>
<file href="res/data/eraser.cur"/>
<file href="res/data/highlighter.cur"/>
<file href="res/data/marker.cur"/>
<file href="res/data/lock.cur"/>
<file href="res/data/browsersupport.js"/>
<file href="res/data/apple-touch-icon.png"/>
<file href="res/data/favicon.ico"/>
<file href="res/data/fnt0.woff"/>
<file href="res/data/fnt1.woff"/>
<file href="res/data/fnt10.woff"/>
<file href="res/data/fnt11.woff"/>
<file href="res/data/fnt12.woff"/>
<file href="res/data/fnt2.woff"/>
<file href="res/data/fnt3.woff"/>
<file href="res/data/fnt4.woff"/>
<file href="res/data/fnt5.woff"/>
<file href="res/data/fnt6.woff"/>
<file href="res/data/fnt7.woff"/>
<file href="res/data/fnt8.woff"/>
<file href="res/data/fnt9.woff"/>
<file href="res/data/html5-unsupported.html"/>
<file href="res/data/html5.png"/>
<file href="res/data/img0.png"/>
<file href="res/data/img1.png"/>
<file href="res/data/img10.png"/>
<file href="res/data/img11.gif"/>
<file href="res/data/img12.gif"/>
<file href="res/data/img13.gif"/>
<file href="res/data/img14.gif"/>
<file href="res/data/img15.png"/>
<file href="res/data/img16.png"/>
<file href="res/data/img17.png"/>
<file href="res/data/img18.png"/>
<file href="res/data/img2.png"/>
<file href="res/data/img3.png"/>
<file href="res/data/img4.png"/>
<file href="res/data/img5.png"/>
<file href="res/data/img6.png"/>
<file href="res/data/img7.png"/>
<file href="res/data/img8.png"/>
<file href="res/data/img9.png"/>
</resource>
</resources>
</manifest>
